question,distribution,supports
"Middle East // When it comes to their values, how much do you think immigrants from each of the following regions have in common with most Americans?","{""A great deal"": 0.1428571429, ""A fair amount"": 0.2857142857, ""Some"": 0.3571428571, ""Not too much"": 0.1428571429, ""Nothing at all"": 0.0714285714}","[""JLF8MBJFVL"", ""Z466G6W7CG"", ""Q5ABG7YRKX"", ""TQTAHE2L2S"", ""9Y3JTT76NS"", ""C9KKNGGRM7"", ""U8SCYGK4J5"", ""XMFL39SFLB"", ""HS6KJNKVK2"", ""4T9SJRSR7W"", ""X2PZ6KZJLX"", ""CSK4LZK7P9"", ""JFPPZTX5E4"", ""KR9Z2XCLB6"", ""U5Y8JDJZ2R"", ""NDVL2BBJR9"", ""T6TDYPQPJT"", ""2SVBZ7T77E"", ""QXVDUSUU62"", ""RJEQK5N2AY"", ""4VRG2T3CR8"", ""E5DCZECYTU"", ""T8Z9CVNJAY"", ""F45A3TE6FK"", ""YUC52WMS9S"", ""XFGQZ294ZA"", ""JWE6LWD9EU"", ""R85Z3VG6KK"", ""8XF84QFUQ5"", ""DTQ6J4DLWB"", ""NY9J4TLHSA"", ""RQHW2L7TUM"", ""LUA5W8F469"", ""3K7MNHF3TA"", ""LENHYJ2ET6"", ""ZBY6RVUS93"", ""B7U5XRDC98"", ""TDJ69KEF9X"", ""NZCBQPVVY6"", ""VZSK4VY5LK"", ""9LKYF2WPAN"", ""6N4JXHJWU8"", ""6ECRA5BUNC"", ""6MVBSKRV7N"", ""886GQJVMLN"", ""56LBDNVCFQ"", ""JRSF788476"", ""NSJH5FZPLS"", ""UAH2QUQAEB"", ""SNCPCYLNWH"", ""6HL3A34BTE"", ""FFXRRNAAGV"", ""NJ8J6JYDLC"", ""Q9D2DDMDFZ"", ""Q8BT22ZLRE"", ""VL46HTCYUM"", ""EPG5PT47SK"", ""VMG26LJGY5"", ""W28H5LBZ9U"", ""NF92N9D72J"", ""9RKJ79NZCM"", ""RNK3PXBVTQ"", ""KBMSB3G3FK"", ""573RJ4R665"", ""UEGQTZUHNL"", ""UYJ6YWD92L"", ""38M2CC87QT"", ""7E3WAW5ERY"", ""X3RP8N6TAT"", ""9YEA8JCMXP"", ""SLFVH4JLWY"", ""KWDNQFJE3A"", ""3Q2G8AB47E"", ""EL6LTVR8TW"", ""5HDHFJZ789"", ""RXL7V32FDH"", ""SBCKCJWPRR"", ""EJJGWR9LDP"", ""6MVJLASH7N"", ""NDUB57EJW6"", ""CEU4JX5MMQ"", ""8NNMECHN62"", ""S4SWHKYWUX"", ""2TNHSALSZZ"", ""377C9H8ARN"", ""3TTBRMHK72"", ""9BUQXAF7VK"", ""PFM9KKZTPH"", ""NJ5MJPU473"", ""EA4N3ETEFX"", ""JSF6T4AJUH"", ""YPWVAJG9YS"", ""JQEMYYKDGL"", ""TYUPKVEW56"", ""NPL4RLJ2M5"", ""2DPVUAP9W8"", ""NM6XBF7HRZ"", ""RP6TTB99GB"", ""628UDTC4BM"", ""VB5JTDK4Q6""]"
Crime // What type of impact do you think immigrants living in the country illegally are having on each of the following areas?,"{""Making things better"": 0.4285714286, ""Making things worse"": 0.1428571429, ""Not having much effect"": 0.4285714285}","[""WH424NAGZM"", ""3V6UXU3VFY"", ""NRYDA7UUDU"", ""X59GSPPKM7"", ""TJBQ88G4C2"", ""CSXSWMNAFB"", ""D6FT2RJ3BP"", ""2KKBPET2VG"", ""LA8AU9ATX8"", ""F4NANRB8CW"", ""PKYU57647S"", ""HBGJ6EAEX2"", ""VLQ4AVVAM4"", ""U6XJRUAC82"", ""ZWG7VWGWV3"", ""HSXCB6AA8Z"", ""L8WJ4U8URS"", ""RZH7NXSPSN"", ""Y59G6GQXJ2"", ""4RFPJUHSDK"", ""KRRB2Q4DH9"", ""GAH6ZP4QME"", ""JDK3D8K79U"", ""TX9UTBAJ4N"", ""BLY7JY3HMX"", ""Q478Z269DM"", ""Q2PB9EFUHM"", ""9P3XZRJ662"", ""CJVQB9M7GK"", ""VHDWGMFSGG"", ""SGYPC9J2LH"", ""FVBMEWSSXZ"", ""9NAZHXR2LS"", ""ZQJPNBH9ZH"", ""BTNF7268KV"", ""ZETUDD6PP5"", ""VEXGKRX6ES"", ""NMU34Q443M"", ""T793T2EMJZ"", ""45YERZ59ZB"", ""DJMPYCP7SZ"", ""X22WAFUBPV"", ""8T6RFNAE25"", ""FCTM7J9LB4"", ""VRAJ3ADC83"", ""84VJHU22PG"", ""WF8J9ZSQEP"", ""K7GPS33ZWQ"", ""8VE7VSE9HC"", ""MJAXNYVUC3"", ""HKWTPQ3JYX"", ""TLYRL73Y69"", ""V9XLMQYZ2Y"", ""BSBDC82BFY"", ""G6LLVZ3K5N"", ""4TARCXSE3T"", ""7955UPCL2X"", ""5YXKYGYASU"", ""D7GC23H6BK"", ""EEG4PWA8LS"", ""6G7B8VWNAG"", ""5LXWHZ8S7C"", ""JSZ7QQWDZA"", ""66VEUNSS5T"", ""GA2JS2GRQ2"", ""YK37233L56"", ""LY82AW2RVU"", ""HB6Q42RL9P"", ""2XAXUFQ39U"", ""T6R55WP6PS"", ""YZJ4XZCTFM"", ""D75WTX7SGB"", ""FWG3BZPH5R"", ""V6SQUSEL6X"", ""HNRKPK4Q66"", ""GJP4MDQT7M"", ""RY33CUVSCW"", ""VB7VBLN74Y"", ""QF6B7WHMNE"", ""BBHB9XXTTU"", ""7Q5UF52ZFH"", ""K4V7EJCXHV"", ""TG6QNZHB74"", ""W3MGAWXMCT"", ""XEZVTRTZU2"", ""B4ML3834NZ"", ""HLDA3UTKNY"", ""4WCYJN8GSC"", ""QHW2V33K3D"", ""YJCUSHH85V"", ""SN3TMCTWY7"", ""GLXENYZXRZ"", ""SKG3YJ8U52"", ""GU28EPVLCV"", ""79YBWNMDZC"", ""FBP6ZQX9QN"", ""72W5PNQH35"", ""7GMRC8P7CN"", ""G6P7WJCKCJ"", ""ZRDWMDJ4DS""]"
Do you listen to the radio?,"{""Yes"": 0.0, ""No"": 1.0}","[""9VB44JKP8E"", ""7FMGB5ACKS"", ""2QFTSEFLTU"", ""CWPSTZKRU4"", ""9DMKKNVZYC"", ""3WJTECWH8B"", ""JJNWR9UVNY"", ""26UR6DVBEJ"", ""W26XRTP62D"", ""X2P229VMZN"", ""QLG7KVCFUK"", ""6SDESVXFAE"", ""NE9PLVGBG4"", ""582SWXQ67Q"", ""VTEKKSJHRA"", ""ZDAAL796VF"", ""7TQ2T57C7Z"", ""HB9RX948D6"", ""SP5FZ9D9UU"", ""NEAZ2CN7NH"", ""ZSYJUFSBTD"", ""4NK4T7WSG2"", ""RREQFKRLG9"", ""LH3XW37EKH"", ""8H8RDPNCA5"", ""NZEW5AVCUS"", ""WTUBMXPL6R"", ""V4PRYTRZTU"", ""J62KSKLDPQ"", ""E2CDYU3DM5"", ""HJXPSHJ9SU"", ""84G7Q4LBZF"", ""KRE4EXPCMC"", ""G4MNYQQ3C2"", ""L33H6SYGEN"", ""JSSVU4GMU9"", ""LQCTHHQKYN"", ""Q7BDPGJ8LL"", ""B98BCVR8CN"", ""G5PKVRJUSY"", ""FX6VJCC7HT"", ""3PVLKSDPK9"", ""PJUTNGNAV8"", ""JE67VD5UYK"", ""5KWEU6ASYD"", ""7YZZA34KNQ"", ""MQLHGT8VSD"", ""XKFRRDXRF7"", ""2NAQDK5Y4Q"", ""YHX43KCCQR"", ""PZQXPSGFVM"", ""MNAMAYWFH8"", ""E3AAUQPCSY"", ""M8X9BZWFAR"", ""28YHESJRYU"", ""P6NH9Q5U7P"", ""UKYXEWAMSE"", ""LQ7G229T9X"", ""BLWWTFXYUJ"", ""D49JWAG5EJ"", ""K2BQURGNVH"", ""74CCH69Z5S"", ""7PR9FS6USD"", ""LB4KURJRN7"", ""P5Q8TZ6YTP"", ""5RSKTWH2U9"", ""B3LCJSGW7G"", ""BN2JGEBBZV"", ""T733WT2VJG"", ""RRUR96PRVR"", ""S9JRDMRG8W"", ""LESVF4S5UY"", ""8VC96KBGJX"", ""9U9ZNS6Y5J"", ""XJH8X7DWAH"", ""93K544YZ94"", ""WEG57YPJQY"", ""KSHWA2F2B8"", ""PWLU5L7BCV"", ""ZENDAL9YEV"", ""VHU8MXHSWS"", ""QH2MEKR5TC"", ""RQK2RJCWUJ"", ""MGTK2TDXR6"", ""D8AZ66GF88"", ""CW5L4CXQY9"", ""4U73HNT4YP"", ""G3U86PL3B9"", ""XXKY6Q5YDY"", ""68TXTZJJUZ"", ""ERN4L67ZCS"", ""JSX43PDCJQ"", ""XRGS2VMSDH"", ""UYL9C3BDAH"", ""7ZXLXGTFDK"", ""WNUUFPAYEY"", ""BY5KCBAQAY"", ""K3JZ2KWBC4"", ""46H8936A8R"", ""W3DSK5M37J""]"
Have you ever experienced or believed in any of the following?,"{""Had a sudden feeling of connection with something from beyond this world"": 0.3846153846, ""Had a strong feeling that someone who has passed away was communicating with you from beyond this world"": 0.2307692308, ""Believe that spirits or unseen spiritual forces exist and have personally encountered one"": 0.3846153846}","[""9BLWU42XVE"", ""C65596MHJX"", ""65WUKK493Q"", ""XXF65HSUHU"", ""WZS66FJ6S9"", ""XDGMUUGAXJ"", ""SBNFK8PP2T"", ""VH3CLMBSKQ"", ""TE386QPE9E"", ""9ZN754E5X4"", ""RBZYRATUVK"", ""S6RY7E9XMP"", ""TLCGE9WRDS"", ""2KQSLJ82AN"", ""QKGDTXTQGT"", ""DRMXEB9CRS"", ""D6T5EHGTLT"", ""PAQMQZSFZ6"", ""JRYPRJYTPV"", ""UTBXZR7GSU"", ""B56SGQQ352"", ""ZUHK5A9KBJ"", ""FCVBWERFKZ"", ""KNCHNGGRHP"", ""Z8D8KZTWZS"", ""DN4HLPHTCP"", ""4ED5RH3DVH"", ""H2URZVLTL2"", ""6NY9VZF2LK"", ""83Y7G9774D"", ""DLDB4396R7"", ""Y5RY3EE48N"", ""7F5EC632RZ"", ""U92XZLE6WL"", ""MMZL8PEJAE"", ""2RY5RQGYUP"", ""FZVUGHES8H"", ""LTAYJKWNXG"", ""3L3VS39M5Y"", ""UCFBCCJBU7"", ""K66PYP2W7V"", ""F23UQJHSB8"", ""ULXBSUBMYA"", ""Z8U5DA498Z"", ""WFY788V2W2"", ""3YX6ZRNRJD"", ""4GWNNYVXRY"", ""QY8J67VU25"", ""PJZ7FU2SJV"", ""SN5C2H6YK8"", ""XYXPZDJMB8"", ""34X2926DAK"", ""P2WKTMCM2G"", ""XPFXVV2RUM"", ""F6DVKKC3WT"", ""F25HBT3SDT"", ""WQVMMPEVPS"", ""E59M72BBJ6"", ""7G9SQAB2HF"", ""GCTQ8US2YD"", ""29VS5T8PCY"", ""THSS5H6GQC"", ""9YYKE5WY4G"", ""FPQJZ8G2GN"", ""CMQVZJRLAE"", ""LNW2XTL7RQ"", ""UGHWYVRNMN"", ""NEX8FPDHLH"", ""FRMQXX3YUQ"", ""V3WLZEJABE"", ""QDTZXCHE9A"", ""LDRH7838R3"", ""KF2KDJBET2"", ""7WHB9UA62B"", ""GJA9WRRY3N"", ""3RZLFDBY6D"", ""L58GRWCEER"", ""WK5JB4WKUJ"", ""KTVBN6ZYJD"", ""M9E3EGDJLX"", ""FUSG469BLJ"", ""2YUSH45ZE9"", ""U3DDZFPHKG"", ""W27UTSALD8"", ""JQ6VMFSHFR"", ""ENC2JFD3S2"", ""LKTEXU9T5S"", ""5QN2VYRQMU"", ""LNG9HP65BY"", ""DK5HH5NBGQ"", ""Y5DJ55H5W8"", ""6WK7PLAKX9"", ""YY5J6GEEG4"", ""5XCXEW7TTW"", ""MWWYSMJNTA"", ""MU8JMVU65A"", ""4MP56XT4T8"", ""4CA4KXUEZS"", ""5HEGMJY5GC"", ""YD8PFMMBR6""]"
What benefits do you think video games provide?,"{""Bring people joy"": 0.1428571428857143, ""Provide mental stimulation"": 0.2857142856714286, ""Provide stress relief"": 0.1428571428857143, ""Help improve cognitive skills"": 0.21428571427857143, ""Create a feeling of community"": 0.21428571427857143}","[""FHUP2ZCTPA"", ""TF6P4HJE2A"", ""QSFDS9EFFL"", ""XBXH3UAH6C"", ""G9XTY9HXP8"", ""ZJAR2GYG2B"", ""3NZPXYLXMJ"", ""DDLQVMR2AE"", ""FRP6YJ8B3P"", ""EC8VAP57KT"", ""EPV8C8VJDN"", ""JETHU4JF3B"", ""4WT4Y9K9BT"", ""XW9DYP55MM"", ""GE32BVY4NZ"", ""9UCUFMVC9Z"", ""H8NNZPJQGS"", ""YJC5RRY9F8"", ""X9HMPL2YCA"", ""FFNBRHW4XZ"", ""7PFSZHDBW5"", ""QX4HJ37H6N"", ""2CR8JL8E29"", ""BLF6SSATEG"", ""VP994XBKD9"", ""97VWS5N7TH"", ""8PKPYVD3FG"", ""V9HUDF4VGH"", ""5ZYHW9JWRM"", ""Z5WH9E44H3"", ""F3J7FEA396"", ""DAXW6VTYD2"", ""C8LPNCRY3G"", ""XR8CVVQYVE"", ""JCD5PK43A6"", ""TXPBWJWDGL"", ""8RLSZ58LGQ"", ""TAUV59UTWM"", ""HZ44NE5Z9S"", ""S9C54T8J58"", ""E2E8BAQX8U"", ""S98WVFVQXV"", ""3JLPHNWMDN"", ""6SLYKZZSUR"", ""UJXYTFFYFS"", ""ZSQMEPUW35"", ""WREK953G78"", ""NZ62QY72HT"", ""THPFUGWYYU"", ""SLUHGAN2S4"", ""MGVY4HQJNN"", ""8JWZZZJ794"", ""3Y8UU3YJ2F"", ""FJUU9UBZRR"", ""3DDB5EJ7CS"", ""9JVFXQJ66C"", ""MSUXL6372F"", ""6TRHT8XPU4"", ""MYKBZNBLUV"", ""N8Q858EUP9"", ""DFFMZ8ENJL"", ""6YUK4TCY3M"", ""LVETC26YJZ"", ""ZASRYA5MWM"", ""ERJL8TSBUQ"", ""TYPHLPFE5A"", ""TQCAW2LXZR"", ""8NX5ZPBVER"", ""BWMDNNFQ9S"", ""SGXWRVBH8D"", ""W8V8MT4RUG"", ""9WLGRXJYZF"", ""7C396SDJMD"", ""ND47XXFQD3"", ""BBA7JHVP44"", ""MNB8PC6CNV"", ""RSA2KLQ2SH"", ""88BGEDQRJU"", ""96Y3TCG2D9"", ""5QCWPUKF26"", ""LJYYR8T8PW"", ""N39UD29NTX"", ""MQRSZ8J9S3"", ""G6SN8YQCQ4"", ""GR268U5LMG"", ""V7UUWR3YMW"", ""Z7EJSW9VMV"", ""XUPZRPQ49V"", ""BRKZNKD3P6"", ""8W6M6NH2CA"", ""ZAHESKWLZB"", ""PBNWV8B3LX"", ""RZA5GWWK8R"", ""VUSS86Q6N8"", ""HG6528LFMH"", ""KUSBJ43ADC"", ""9JD3WZ9G97"", ""VMVDLPQ6N4"", ""92XNDSR7DG"", ""4SB9HYJ2QK""]"
Social and cultural values // What type of impact do you think immigrants living in the country illegally are having on each of the following areas?,"{""Making things better"": 0.1428571429, ""Making things worse"": 0.5714285714, ""Not having much effect"": 0.2857142857}","[""Y7AN3BMZJB"", ""2HWUC5PKYW"", ""YYEHEFJU5Q"", ""Q33XG6G9X8"", ""JZKEAP3683"", ""KQAHVS5MYS"", ""RMFLE5KJZF"", ""TV4L95DNJL"", ""URYYAVPTAD"", ""LXQA2W5RPA"", ""4H92LMWU69"", ""LNDA5T48QZ"", ""PMAKQSHXDC"", ""LHU85EPLSA"", ""UZUKN6HN2H"", ""CWMGAYEYTN"", ""XUNRFYUDF9"", ""ZE7FV7XLWX"", ""49L9CVXGBB"", ""7QKNPPQ469"", ""GVJ2WUBAD4"", ""KEG34FTPEG"", ""W7WRGSDXUV"", ""LUDHMR5KN5"", ""5UXJPGFBK5"", ""43GM8UJVYU"", ""EEXHUX73HZ"", ""PJEZ724EYF"", ""CPW3JX7AUA"", ""VYSXKNVJHJ"", ""YYPZWYUL44"", ""L39RQXVRCN"", ""UYNQKMB5YR"", ""DN3V6U37UK"", ""SDEDCVP3CW"", ""MBXG7A2RK2"", ""9UFWBNMBEW"", ""Y4LMYT5FHT"", ""E2LX4J7XQC"", ""QKWGGV2S68"", ""9K3T8WKHSY"", ""F38N9PVSUM"", ""DJ8YUNBPX9"", ""SV5DP9LT7T"", ""7LT782TBXL"", ""QR5AGXDFCL"", ""8X34G436SD"", ""VQAG7Z78YY"", ""H8SSCUL857"", ""G26KZKKYTJ"", ""NGYZFQENDM"", ""H87YHBBX9G"", ""C5CN2Y43MA"", ""84FZLMFZ89"", ""29MCXG4XY6"", ""XDHCW9R5K3"", ""N6ZMAYYWV3"", ""7HC9DBGENE"", ""EUJNX96FKP"", ""JRJJNH93FC"", ""85RAUAPDJ2"", ""66BWA52MVU"", ""YK9NXLWAD7"", ""E4HTL26R8T"", ""JA8B9ZTH6Z"", ""3BFLBL3JBM"", ""JXKJP4GJTF"", ""8P8SY44XT8"", ""VAVP3P88JR"", ""HCUZNNW9NA"", ""MS3TH7SCHS"", ""U2JBKQBB7K"", ""B55BJ534A8"", ""VUUQ5TGQUV"", ""MGHXL8RE7T"", ""M2XUQ727PW"", ""942LJ8LF56"", ""M84U4UKTES"", ""XCNW65XUDX"", ""6MPJ4BBXD8"", ""FAG429ZJ9H"", ""V9HLCW4T8N"", ""QMGJA7PKTC"", ""X265LB4R9A"", ""YBW6GZ7C2Y"", ""GM2Y267CTT"", ""QMJ5HP3AY2"", ""558T56HJDR"", ""WLTEPPXPH7"", ""WN7MPQHR8J"", ""GJZ83LDNC4"", ""U6K9E4LXTT"", ""B6DW2DRMFF"", ""SWCL3CLZ2L"", ""98ZHH7ENJX"", ""XSEMMJEESB"", ""WDZUEY3LPH"", ""TPE6N2BXJ9"", ""XHZYL6LD9Q"", ""DUVTNVHNGQ""]"
People who come from countries not well represented in the U.S. // How much priority should be given to each of the following?,"{""Top priority"": 0.38461538463846157, ""Some priority"": 0.46153846154615386, ""No priority"": 0.1538461538153846}","[""WUBGVQ6DPP"", ""WK5Q59XA2M"", ""QGAZNRTGCP"", ""ZSGWYDWUSW"", ""KAK6Y4SJLV"", ""U9NWANYAEE"", ""UXTZDPPG87"", ""WEBS2RV9BB"", ""NZSYZTMEAN"", ""VM57L9RYUT"", ""REAT5V875R"", ""LRMN2MGV43"", ""CFVAQSHLMJ"", ""WK23BCGZPJ"", ""MZD9XJV59C"", ""GKXTQMSS92"", ""VZVZYK9MDG"", ""NVBQFDMKNF"", ""3R64PW6DCJ"", ""JHUK8ASPTD"", ""Y29XHE8R6G"", ""CQZ47T4RBP"", ""NPYW6T3TWN"", ""LQLS3FPAK5"", ""VP8B4LL3ST"", ""M5ZXKUNAPR"", ""HKR5MN79PH"", ""SPHKLQZJZL"", ""XN5ZA6QG9F"", ""7DHPPN8MPD"", ""NYNA2S76SS"", ""JK5DA9Y9KP"", ""U7MQGP6D3G"", ""4VMFNM79ZT"", ""ZBFR75KJ85"", ""M2E5YUDY69"", ""XT452LPXVS"", ""9U299B6PHK"", ""QH2BJ4LU8P"", ""3UVTHC8BR4"", ""GXHNK8D8TB"", ""TXX3NGPCZD"", ""SWUBTCRMDY"", ""F3DX2P78JG"", ""M86P3SBSKQ"", ""V7TPS4N8D2"", ""T5B4EW6V3L"", ""ZPGJUR7K92"", ""H4EP4ANRLK"", ""9V49HLKWT2"", ""VD7N2YF9WS"", ""MTW3697TAV"", ""SXTYAXU7B5"", ""G55ZBVRQ3V"", ""77VZH8VLGJ"", ""SRE69UHCJ9"", ""KU7GK74HPB"", ""3CV9U4D4W9"", ""D6SZVN4ETR"", ""XHCLXZ2V37"", ""5HVF2PH35B"", ""G7ELFXDNU4"", ""SJWG2KVRHX"", ""3PTJ29ZNCH"", ""2KGZUGUS2K"", ""JY2A7VJHAV"", ""MN6LTBN3QL"", ""5X6TGCZ2FZ"", ""8TE39QDXN3"", ""EUAFS9FTZR"", ""KP8U8ZUFCP"", ""W8JBGG25CG"", ""NU5A77ZSQR"", ""ZQGXT52SDY"", ""EZL72T5DGS"", ""3AE4FAR4U7"", ""8VR2Q6EY4Q"", ""9L7SA8A3QK"", ""H6LXRJB5NG"", ""VJLMCQB8KF"", ""RQE7RR2PV4"", ""KFY5WCYDB4"", ""Y5367WMTFU"", ""PMKNYXXAFT"", ""MW75GZZ4P4"", ""FKRQYQHS8V"", ""E78P5HYQMH"", ""HRR4SY8QL4"", ""5ZKKUKA9D4"", ""3TSC6FQQVE"", ""KK9E33LEZG"", ""Z9XNUKXXWP"", ""N87Q3EYBC5"", ""7JM5R8VR9W"", ""TDLH6F2YGK"", ""ZQNGUZXQFS"", ""MBV2772H9X"", ""Z9QKVHFYZ6"", ""QHCZBFLG5Z"", ""D4W3RAX6CD""]"
Which comes closer to your view - even if neither is exactly right?,"{""Immigrants in our country today should adopt American customs and way of life"": 0.0476190476, ""Immigrants in our country today should be able to hold on to the customs and way of life of their home country"": 0.9523809524}","[""WNEQNES3J4"", ""UB9H9R2FJD"", ""UGHWYVRNMN"", ""JSFNKL4AZT"", ""5AF3MV2WDU"", ""FVECUAX66J"", ""LKTEXU9T5S"", ""P5FXRC3EP2"", ""6U33NQDQRG"", ""X87KWGANG8"", ""FDKD3VJFTA"", ""9FVAPRMN9L"", ""NNQ6MFKDLN"", ""UTLFJQHPYP"", ""VHVC8NF9AY"", ""Q835FGFZ6Q"", ""L7DAPUNASL"", ""9ERVECAPJU"", ""HA6GQ9V997"", ""28XK24LZ9J"", ""HF6TZKF4VF"", ""KB76HVKXC8"", ""ZNFPVWZVHL"", ""W9MBJPN56Z"", ""UG62FYAS49"", ""FQV83YJERU"", ""MJZQTMUZ58"", ""ZD223NGU8W"", ""J2AQ94YLM9"", ""NJ5XXMA2NL"", ""QL4PMVC4NC"", ""PTQQQMP3SC"", ""6A54SF5DAW"", ""MJYEW3QRMY"", ""NFU66TBCDV"", ""Y5F6A5WE79"", ""9HJJMHKZQE"", ""JPC3GMPJ7B"", ""SPZ5KCH2BZ"", ""QE9FNWPCGT"", ""LNKKRJ6EXA"", ""ZA3D3PAQTJ"", ""EH6DU8L3B7"", ""959TC4HJ27"", ""ZQ9F996L76"", ""28ESKA9NE8"", ""7FUT238E9U"", ""3YPB48E77W"", ""CC6KSXTRBB"", ""QNYX3MVTVC"", ""FKX3AT8ZT2"", ""9YE4H44SF8"", ""L27KU374P8"", ""BJKLK9Y2KM"", ""MVQX56Z6R8"", ""25JNGB4H7N"", ""U4KPCJ2DQW"", ""2D8L83525K"", ""JJF76GPC2W"", ""MF2FDHV7UA"", ""FASTRWPU2L"", ""YBD8HPQFEH"", ""CEE8XB35EB"", ""K33ZDLURZC"", ""8YS3LMM9TN"", ""W4QE9W2A8L"", ""EM4D5VBXEV"", ""4APHH3JBDH"", ""Y79E4Z5EZH"", ""YG72QBGGCK"", ""62JYLGKNMC"", ""3XR5Y72CWW"", ""V9KVS6JHGG"", ""DVTR745J98"", ""TD2WNX9YE3"", ""D6E5M2D3K2"", ""BDTYLAJHDE"", ""VPXEJBX9YX"", ""5AQXM8HP74"", ""L8SPBH2JZF"", ""JGVSY3E3ZY"", ""YMHKZBULNS"", ""72RU6C27LK"", ""FDBPLV948H"", ""BECWDY8KP3"", ""MBSMXVSNS2"", ""HG7JMC4TV9"", ""JJXSJ8JB26"", ""WK2PMGPKZK"", ""GR4AYQCLM5"", ""D4X8U8QBJL"", ""B3K5KRBQCY"", ""K2CLZAE5W8"", ""9MMN4PEHM7"", ""TNGSNBLHHN"", ""M9WAAJ4ZJ7"", ""4DQZXKSZBL"", ""CQLRYS6JSV"", ""67SB8FVR5M"", ""LFS4LH7CNQ""]"
Crime // What type of impact do you think immigrants living in the country legally are having on each of the following areas?,"{""Making things better"": 0.4285714286, ""Making things worse"": 0.1428571429, ""Not having much effect"": 0.4285714285}","[""G6LLVZ3K5N"", ""BSBDC82BFY"", ""GJP4MDQT7M"", ""NRYDA7UUDU"", ""3V6UXU3VFY"", ""X59GSPPKM7"", ""JGSPANRAPB"", ""SDKD9JEFGW"", ""CBTAUAV6QH"", ""WH424NAGZM"", ""QPF3GNTUPF"", ""KQFMYGGRFT"", ""M6M5CAARM2"", ""GMK4VUEQY5"", ""TL944DKH3R"", ""JDK3D8K79U"", ""6HYBYEQWY4"", ""BG97MNL6MR"", ""Y59G6GQXJ2"", ""TN66X62UEC"", ""3Z9RP5J63L"", ""P8HKNRDJKL"", ""BXBEZ7JLGY"", ""T8FU88N7RG"", ""Y842YT63UW"", ""XBPGRAL7WQ"", ""Q27VQQYGEZ"", ""25PDVZFXNV"", ""CU7TC6P9S5"", ""PEG8AEPGRU"", ""WGVAA2W8EN"", ""2AEE6Z4JM6"", ""2MKS2WHM2M"", ""3P7UJ9YT4H"", ""LPDFB3CDRF"", ""LGR37EB8LL"", ""8CSX7U3XG2"", ""8BHSXU3UU6"", ""RZH7NXSPSN"", ""MLCJQWJ7Z5"", ""DZ5FJ78RUK"", ""GD2CYVXD8R"", ""RPBMD9QZMN"", ""UZ3CLA8NXZ"", ""NTD7TREYRX"", ""346HTR337Y"", ""KNDRUYG6VN"", ""ZRDWMDJ4DS"", ""G6P7WJCKCJ"", ""VGTGD2CSE3"", ""H22VWJFGRD"", ""RUEDA8Z5KX"", ""CRJBMGGJKK"", ""TX9UTBAJ4N"", ""R2XJKAYXSK"", ""TM25W8MH4Z"", ""9P3XZRJ662"", ""CJVQB9M7GK"", ""MVBBQAUCRP"", ""3N3W34CZXC"", ""P78KJQW9DQ"", ""BNN3PB8LFA"", ""UVT7AFJUDP"", ""PPG6WS2RA4"", ""9VR9ENUF8S"", ""EJFCBXU5V8"", ""YVMP8RB4YR"", ""HNRKPK4Q66"", ""S25PW2BTB2"", ""2DBN4JXZHD"", ""7R7B5GRGQJ"", ""B5WLQ3GTH7"", ""74PFS3VSXK"", ""9DNHJEHZHZ"", ""4RFPJUHSDK"", ""KRRB2Q4DH9"", ""GAH6ZP4QME"", ""8E3DHB4UCQ"", ""TLYRL73Y69"", ""T6R55WP6PS"", ""FWG3BZPH5R"", ""YZJ4XZCTFM"", ""D75WTX7SGB"", ""QL38ERN3JV"", ""ESEP3TZY39"", ""B4ML3834NZ"", ""4WCYJN8GSC"", ""QHW2V33K3D"", ""HLDA3UTKNY"", ""VRAJ3ADC83"", ""FCTM7J9LB4"", ""WAS23V2V7C"", ""HFF3F8QV84"", ""B6V5HWU485"", ""XCXZSWBVT5"", ""T7NWWKXJRJ"", ""X22WAFUBPV"", ""8T6RFNAE25"", ""FBP6ZQX9QN"", ""GU28EPVLCV""]"
"Africa // When it comes to their values, how much do you think immigrants from each of the following regions have in common with most Americans?","{""A great deal"": 0.11718470878673175, ""A fair amount"": 0.3658449446244735, ""Some"": 0.3572704537059208, ""Not too much"": 0.14112182925935499, ""Nothing at all"": 0.018578063623518888}","[""JLF8MBJFVL"", ""7BB4UP386M"", ""L63XMHHWRX"", ""BBE8MNLYSZ"", ""NJ9VBZV5Y6"", ""9Y3JTT76NS"", ""Q5ABG7YRKX"", ""DF3UCG49WZ"", ""CPFWXSBRTB"", ""P6LBFZ6B85"", ""GVBVX4XVUL"", ""3K3P55AXMA"", ""YXCZ9G2P7L"", ""JFPPZTX5E4"", ""5TJBTTE8PE"", ""X2PZ6KZJLX"", ""EWPPTXXAQR"", ""6N6YVKJFW3"", ""UYKGCGW44N"", ""S2NZXEM2VU"", ""M5L3QXAPNJ"", ""6ZDRRF4BQX"", ""H7B7326ZEP"", ""6JTHATM6GE"", ""379WDZRB95"", ""YPWVAJG9YS"", ""6TZDM5EED5"", ""PDV528967D"", ""5LCTUKKZSE"", ""KR9Z2XCLB6"", ""F5Y4NWJMKE"", ""SNJBW29QYH"", ""2NN394DNQR"", ""WWMCU8X5CE"", ""BMJJ66CYSQ"", ""STPACBZLE4"", ""QQQB92WQQ4"", ""ECHJLAA93P"", ""47SDGY6KR5"", ""9FUMC2TMYR"", ""7AUST2FS88"", ""W4M932PKLR"", ""EJVQ323M77"", ""8XF84QFUQ5"", ""8C5Q8V8DA8"", ""DQRE9WMEQV"", ""LKDE9792ZZ"", ""XFGQZ294ZA"", ""DV573M6MRT"", ""7QDJYAL5BV"", ""FPY8KUJJ8J"", ""XBV55X5N4Q"", ""84U86TBQQK"", ""ST435RQMYU"", ""D55D9CCBNR"", ""XVX2YS5HAF"", ""HQ9KZDC99C"", ""C3ZKJXUGA5"", ""RLGXD4XDBE"", ""KKGE8SSMC6"", ""C9KKNGGRM7"", ""DTQ6J4DLWB"", ""NY9J4TLHSA"", ""TQTAHE2L2S"", ""C6X234XNZ8"", ""BVMDBUN8NW"", ""UFMVYPNLA6"", ""SGYSZYE5JD"", ""B7U5XRDC98"", ""ZBY6RVUS93"", ""QZQNBDLP4H"", ""LENHYJ2ET6"", ""R9V2R9MC76"", ""G6TGKRYE4K"", ""7AFLQVBYLQ"", ""9E3SMHN24C"", ""56LBDNVCFQ"", ""HM9TK4ADST"", ""JRSF788476"", ""NZCBQPVVY6"", ""LZZW5C7YEZ"", ""UAH2QUQAEB"", ""BDP65ACDVQ"", ""C4ARF45FLW"", ""US9LKWCY5L"", ""TDJ69KEF9X"", ""7T6JUUUBMF"", ""P58LJ8XHCB"", ""3R7FZ2Y2GB"", ""R85Z3VG6KK"", ""9288AMFWQM"", ""V5T49ZAUZX"", ""FFXRRNAAGV"", ""ZMPMB4NW2Z"", ""F99XSVWVYP"", ""NDVL2BBJR9"", ""2SVBZ7T77E"", ""VZSK4VY5LK"", ""YT65CW65DB"", ""MJZL3B34L6""]"
People who have close family members already living in the U.S. // How much priority should be given to each of the following?,"{""Top priority"": 0.6428571429, ""Some priority"": 0.2857142857, ""No priority"": 0.0714285714}","[""ND8SUC3TRX"", ""KSTA2NDBTN"", ""B52D48S3Z6"", ""3T229RUCET"", ""6JXF7TVXPX"", ""R9F28ASE7T"", ""H99AENAB76"", ""EVBKCS68ZU"", ""PMKNYXXAFT"", ""8MG8CN8JWW"", ""C29DC2SMUF"", ""GXZWTFB66U"", ""7KZNWEU6N3"", ""UQJE2DJU3Q"", ""R67S8A99X2"", ""42JG7VKE9A"", ""WWZAEJWCGL"", ""B3E6RH5788"", ""6ZNN8BURQN"", ""YNWKAHRYCD"", ""S4GL5SVVX2"", ""SQ4GMN4C82"", ""SWQKKPCNQY"", ""9S5M6JLN3V"", ""72BV75NTHT"", ""QVSY722XHN"", ""HKQY36UT6Q"", ""5BFZHJVKWM"", ""NX6FRGVHVT"", ""GBF4NDLAXL"", ""NJ4U69XMLD"", ""VNQTSAS6NB"", ""6TY68EM3U8"", ""C7H4TTMVG2"", ""6WUS9GMD4K"", ""H6YBGDHSV8"", ""GPYT6QAAN3"", ""YY7WZNWRCB"", ""67MRAQ4A7J"", ""33LQTQHNEZ"", ""BU578RPNLA"", ""RPHVHZB7BG"", ""4CDRY6K3EU"", ""C2KE64S4PD"", ""YYBDFL9WWB"", ""XGHLPHHQNA"", ""XSDVQL3LLA"", ""FKRQYQHS8V"", ""EWFC6FCZPD"", ""MHHXXMGLRV"", ""F6QRQ3WCQ5"", ""8Z3LHPAQKT"", ""N9E4FEFTJ2"", ""4DA7UVM6ZP"", ""3UVTHC8BR4"", ""7MRGU2R27V"", ""HXTLLVCJDH"", ""SKA4N6USB2"", ""DDSDKYLNCE"", ""64QXD3A6TU"", ""JTUF4AGFJJ"", ""SH7FTJTGQ8"", ""SPUNB9SYCJ"", ""M2E5YUDY69"", ""ZBFR75KJ85"", ""YMUQQAX8PK"", ""ZBM5YW5S4A"", ""638P7SNSNH"", ""4Q5DJ9NGMT"", ""BT85ZX63PG"", ""NUM3NBENYX"", ""PU3L2B7298"", ""F6JAJN6WGH"", ""79JJDJW95P"", ""BSF5FNWG3R"", ""5ZZ2WHCQZR"", ""LYJJ8HZ668"", ""JC3ABA8JBQ"", ""QKKPF4EVY7"", ""8WBAS37UJV"", ""3HWEEM88MB"", ""5E2EQY8JJ6"", ""DEV9DPP5CF"", ""FMJSAQTQEF"", ""KSVDE3J3Z8"", ""TAYYCLT67D"", ""9NHEYBNS5E"", ""ED3HFNCH94"", ""ZLNMAJU7NZ"", ""6ZUT9W6DPK"", ""YAMUHNZCW4"", ""QSZ7WHKA4W"", ""3LLZT93GWC"", ""49H85Q8A5R"", ""36LJJ57V2J"", ""SXJZCM7HAP"", ""DNX3V7BA6E"", ""T6D5689EX3"", ""JXEUCE9YFZ"", ""NUB7YZ58NJ""]"
"How much have you seen, read, or heard about illegal immigration in the news lately?","{""A great deal"": 0.38461538429230774, ""A fair amount"": 0.30769230785384616, ""Some"": 0.23076923091538462, ""Not too much"": 0.06153846153076924, ""Nothing at all"": 0.015384615407692308}","[""29F68Z9C34"", ""TMQS5DL79P"", ""DJ6EU45UB9"", ""DK4TFDVG7A"", ""STRNG9QPSR"", ""XT9ANK9VDX"", ""52QS44CPWR"", ""UXALHGAYPF"", ""9VTYUDECPY"", ""GX572R4KQ2"", ""7D76U2WKAB"", ""3XPYMM6KPG"", ""T6R55WP6PS"", ""FWG3BZPH5R"", ""YZJ4XZCTFM"", ""D75WTX7SGB"", ""XUPFJQXBD8"", ""QHW2V33K3D"", ""HLDA3UTKNY"", ""B4ML3834NZ"", ""4WCYJN8GSC"", ""4GMPLM72S2"", ""2QUMBBJ2VZ"", ""HJVXCLR4LC"", ""BKNG7NPAC3"", ""PVQHCNWKSL"", ""PXB3C6JV2R"", ""Y59G6GQXJ2"", ""R2M29LBFVQ"", ""V5U8RCA6K9"", ""CY32AFXRPN"", ""7UC7VLTSTQ"", ""STC2ZYYBC9"", ""NFHNTHYR25"", ""78P7J2ZTK7"", ""GJSZF8FTQA"", ""WWRFJF7N5Z"", ""MPKECTSDJ7"", ""GDUANJJKWL"", ""EG72T4YGXP"", ""N28AYKWG84"", ""YXZXL4PC8J"", ""BB93P25MUC"", ""KURU9CGJGA"", ""VTLGS53P58"", ""LVWYQRG22T"", ""6CVAAXH27V"", ""HRMT6AVC29"", ""FJQZCFE9C2"", ""4ZPDP9N79Z"", ""QN9L2D7G6B"", ""8M58DQ6JXH"", ""4UX2NVTZXN"", ""SFHN3UYSRP"", ""XMLKQVUJU4"", ""9MMXC9S9YN"", ""JYQH79MDK9"", ""ENEK62TWSQ"", ""4U7RCNUEAK"", ""VQFJGTRD48"", ""HR5WDH72EX"", ""YY94FS6ZGW"", ""4GW5TEWNTK"", ""Y2UBPSZMQG"", ""BWGVVLA5EU"", ""VGTGD2CSE3"", ""H22VWJFGRD"", ""G6P7WJCKCJ"", ""ZRDWMDJ4DS"", ""9JGTBDKHGG"", ""UCCB36L7N5"", ""S722E3YVWQ"", ""VNXY6V6E9J"", ""F65EGC3GME"", ""8CGJTSVGRY"", ""ZBP3VWQX4N"", ""7RHB3VPGA6"", ""9WMKDWRFVA"", ""SE8H25FWJQ"", ""G5FY8VS3NC"", ""3QLBUFEMGW"", ""T8KDLEH7VB"", ""E6B9M32567"", ""93D5UCUH2X"", ""HUWHMA3BBH"", ""LYGVTQTH9G"", ""QHKQTNWE5B"", ""SKEW9FMVCY"", ""6XL8U9RZDK"", ""VPAVN6U26C"", ""NRX4FP2PUJ"", ""H5B9KRVEPE"", ""RFWTB9ARGM"", ""T66HFV42RZ"", ""NXXXJRAS7B"", ""BYDYE3JLBX"", ""2MBCCNK5W3"", ""NGUR8TLEAQ"", ""YYCJ4PBFCS"", ""GVKDLXC3RA""]"
How do you prefer your sandwiches to be served?,"{""Cut into rectangles"": 0.027027027, ""Cut into triangles"": 0.0540540541, ""Whole and uncut"": 0.9189189189}","[""M2E284A87W"", ""6SKG9UDPUK"", ""KBUJ3SC63X"", ""BDR6JFUTC3"", ""ZKM5R24KG5"", ""GKLKT4ULC8"", ""VWLDSYLPLE"", ""3PABPVVG7X"", ""XBKVBGSS8L"", ""B5CAXFU39D"", ""N5M5H3YUXP"", ""4877P6UY7L"", ""X275EZECTZ"", ""MKDSPK33ET"", ""2LMB6GQ4AW"", ""KMRUUM68AP"", ""JAAQWU6AV8"", ""CSM55EG38S"", ""QZZKWCREVC"", ""4SWJ4DBHAB"", ""6VTVPX7LXW"", ""YBFXLNDWBU"", ""QX5A9EX93Q"", ""C6W335V23M"", ""JRRGF43XQ2"", ""7UJFP4AM33"", ""SZZ66U9PU3"", ""PBTM56RRAS"", ""NKJ8TV6YZZ"", ""9TTSBMRN3E"", ""T3KVZZZ3L4"", ""E5WMYKZ6FA"", ""Z2YH9D2P7Y"", ""WWDZKUED6X"", ""GPVRBRVFM9"", ""5DB3AV2PN7"", ""Y7SMRS56YF"", ""DCPK7X2CC9"", ""TFZMCPPCL8"", ""B3XY2VPTW2"", ""QTF5YDWSR2"", ""U6FBP99UEM"", ""R3TQ8AC9YA"", ""Q3PWG96V3C"", ""N64GA27442"", ""96GF9JDJJ5"", ""MEWDN467PA"", ""LTD579YBNC"", ""UPMQDUPLWH"", ""LBSEQ54AUK"", ""ZF5SVDTPE7"", ""FNMUQ4GU7P"", ""Q55BR38UM6"", ""SVC5WZ3JQP"", ""543FDUL4EV"", ""TNGRQW9DMK"", ""VBUCLJNJE7"", ""53B6Y2NWC6"", ""QM9FTLCJ74"", ""KZS9XDAFD7"", ""DWSEWMXANB"", ""6QPUYHZMGK"", ""DDPG7DCSWK"", ""Y58UVNXA23"", ""22DMTYLYND"", ""5AH44LCDUG"", ""VESZ83YR32"", ""KGGH67KGHR"", ""BRSBDPCQVY"", ""YKGTN5VJ2L"", ""7W9NYWJZRW"", ""CYBD3CMPVN"", ""9SQTGPKNYN"", ""MYYM7G6EPZ"", ""FTXKKR7GGE"", ""TD7BNFZBAT"", ""422NTCP44G"", ""LS8DM4KAA2"", ""R4MWTF2N3P"", ""UFGGGRQLPA"", ""PDKJKXLK74"", ""R9U3YFUBBM"", ""LF6HLNSAX9"", ""WDH8Q7V8HG"", ""2N2ZRBVL88"", ""Z5ATF7RKDM"", ""PEYK5748RB"", ""6ZVZAR6XLK"", ""PLJ33WCP9P"", ""N3VQ62JN4S"", ""2N9ZLRWVCM"", ""GVAEVDW5W6"", ""8J6BK5VEFC"", ""WKQYAPUB7T"", ""XPPYRGBFLE"", ""H8R7H8BRTM"", ""VFMW8TBRCV"", ""76PEUVQXBQ"", ""LRVZ5UWRZF"", ""CY2BNT6UPN""]"
Is there at least one working telephone inside your home that is not a cell phone?,"{""Yes"": 0.0270270270027027, ""No"": 0.9729729729972972}","[""UGTPVYP23V"", ""WZ942VDQ43"", ""X3BFG7MPC9"", ""34DYD4PRX4"", ""TLRUYZRQD9"", ""W9E2SYU3LJ"", ""EKS6F7GTEC"", ""PEPBWLLKFT"", ""8VP7675W6V"", ""RRV5KCTHEH"", ""W7ELC3M7RJ"", ""PE6J4VJYZZ"", ""ZG6EA7N33X"", ""43K86SMRJ7"", ""FCTJVBWFXK"", ""VZB9YME7AE"", ""JST377B5XG"", ""QP6BRVT8WL"", ""H8Z46AKLHR"", ""QJMYZKTKL9"", ""UMH8W67UUB"", ""4BCT3ZPYMC"", ""9RKLWKBBXP"", ""CZRFCBCRZD"", ""9LB874LQMJ"", ""XWNU4VV9QB"", ""D23LX6FFLN"", ""9977HZDZUP"", ""UQ8L32HNVH"", ""E7T9DC3H9K"", ""TD36JW6YHT"", ""3MGS3PWP4K"", ""QEHMCQGU65"", ""EE5U3VWJFJ"", ""DEYHAWS2A8"", ""LXSG6CK2WN"", ""WP2F3UGGRS"", ""2XDZPUFW7C"", ""4A3FUYTP7Q"", ""PLBARWZRP6"", ""VT5CH3FFED"", ""4XZ58XT67E"", ""4M4CFR26X6"", ""WA7KLUTL8D"", ""J97387SHVC"", ""JP8EGHMT7G"", ""27F8DKE8XQ"", ""RBQUYYUZ7R"", ""J8BHC7UU2W"", ""S8H437LDLJ"", ""JZULLJDAL7"", ""LQCYCXEVXU"", ""9QVS2VB2E6"", ""ZSQ2NH6YZA"", ""ENE9M8ZLRA"", ""GNY59S3HS8"", ""TDT5G85JM7"", ""EKFS8WKNMD"", ""7NUDH5S5GY"", ""XKPPMJ6HW7"", ""9C75YKUE5J"", ""PV9THVJ8LA"", ""32UHA76QGP"", ""BULWNCW796"", ""RY7SQ66299"", ""PGWAAYP8TL"", ""JH5BJDNGHA"", ""KQ6J3V29J7"", ""4FAHZEVPF3"", ""9A5MBX6FMT"", ""BQHLFLLJQP"", ""JLH3FFWMTF"", ""7ZKVHCTS9R"", ""5UMPZMZU8J"", ""JZMF293QC3"", ""LWKPYHGLUX"", ""MHVYR3SUJQ"", ""GKUR7W8JR6"", ""5SFALMJT47"", ""YQ3NSAED77"", ""HQF63BVZZ9"", ""BC7ZMWL2CN"", ""KQH6AKK9R4"", ""DTYCBS7LC8"", ""SSVDWS63VW"", ""R89S2W5A8W"", ""LYWTXE9BK8"", ""2V487NBKMC"", ""NWBEQ29EWV"", ""U3K3RY5PQL"", ""DFT7XSQZ9L"", ""WVNWYKZS8W"", ""RCYFT49RXW"", ""EYZD6UAVHS"", ""N4HK79CKUS"", ""DPF8WXNAJT"", ""Q7UY6QJYCP"", ""C74LLQF4SB"", ""7WERL5ADVJ"", ""GZEBXDXYQ8""]"
How concerned are you about how Companies use the data they collect about you?,"{""Very concerned"": 0.14285714224285714, ""Somewhat concerned"": 0.2857142859857143, ""Not very concerned"": 0.35714285745714286, ""Not at all concerned"": 0.2142857143142857}","[""TBRHL5Z8BJ"", ""ZAN359URP3"", ""FFNF987M6V"", ""RFSEVWHZGF"", ""8ZP66K6N3W"", ""JPTGUHVTCJ"", ""6FTELUK36Q"", ""RLQRKTK9WC"", ""K2RSYBAVTR"", ""2ZQQECSLLM"", ""K3EZF7NHPW"", ""RP4444J88Y"", ""53F766J6D3"", ""3YB9DHY3HN"", ""M7JYR3SD4U"", ""4JXQEN6VG8"", ""HJEMAJ4NXA"", ""Z6ZCYNN3WH"", ""TB4RMRVQV7"", ""9ARH92XC3C"", ""Y8T8JL9KHP"", ""BDTRQNRCD9"", ""CDE4JXMUPE"", ""5W9MRBGBG4"", ""DP46AT6BCM"", ""NBNA73RKT2"", ""49KSVMSVVS"", ""ED8NDPDT8Y"", ""4UB3JUD7EH"", ""8QLJYK2AKF"", ""66DGZG7SCQ"", ""TKWUAC7CQY"", ""9TEJLMHJ2M"", ""UUVHBTQBJN"", ""5EDU37EZZY"", ""NKXCLYAWCB"", ""X75NNV8SY4"", ""YH4UPPD59C"", ""E7Y3EY4TSY"", ""QZ7TZ6GPAP"", ""4FHMFU6FTB"", ""QSFCRWN7SG"", ""W6LDJ8Q4KV"", ""RMCRTYRNMP"", ""DXZY8G4EXM"", ""P4786VSAHG"", ""FT8MHL975Z"", ""WRY6QM3B44"", ""MFAGJTMN6D"", ""VFP6U3R84B"", ""FEGLC59CPK"", ""8U9RVVBKCK"", ""N3RSKAB28A"", ""EG443SM9JN"", ""KDHJDYFDV9"", ""ZRC4JV4PPK"", ""3QZC7XA3LF"", ""RCZJHTW4QA"", ""3UHF5YVTTS"", ""7SQRWQTUQ5"", ""Y53LR29HEY"", ""WMGPXGQBB6"", ""QB452VEEVW"", ""B6CARHPHPS"", ""GEAZRS3774"", ""8D4EESC95Z"", ""RD7272P5P2"", ""HD2XAK8RJ5"", ""TZ7YDAD3LY"", ""3JCCM29GRV"", ""UHZZ3CBCZ9"", ""JWZJHYE72A"", ""HRYC2DQBU7"", ""W7P6T24NMC"", ""4EFSBK8KXC"", ""T6EQ8SLK2H"", ""BG37TSHU54"", ""H5979R2QAU"", ""YM94TQ46AY"", ""WAFEKXKLZ3"", ""PP7WL53RT5"", ""FBGJW5FPVM"", ""8NLM5AVDMM"", ""BHNJ8SE7ZN"", ""LD2YQ2EBSP"", ""X5UVZGR6S6"", ""S9UWCKG5MG"", ""HQ5FSXS24E"", ""RANWBMZ3ED"", ""QG8U6K922N"", ""UCAJ3ELABX"", ""8ZUTETLLEJ"", ""YXKS57Z2LD"", ""U559NZQTF3"", ""WC7WJFGRJH"", ""4DCJBQZY9C"", ""4YEXT4RRJL"", ""BC4VSD2FM5"", ""Y8F4GVW34J"", ""SVMHYV792Y""]"
